line,transactionId,timestamp,type,fromAccount,toAccount,amount,channel,description,status,rejectReason,rejectDetail,flags,flagDetails
2,TX00001,2026-10-15T06:02:15,TRANSFER,ACC1030,ACC1003,193.06,ONLINE,Transfer,APPROVED,,,,
3,TX00002,2026-10-15T06:05:14,TRANSFER,ACC1039,ACC1029,243.11,ONLINE,e-Transfer,APPROVED,,,,
4,TX00003,2026-10-15T06:05:41,PURCHASE,ACC1039,,85.26,POS,Indigo,APPROVED,,,,
5,TX00004,2026-10-15T06:11:55,PURCHASE,ACC1036,,74.54,POS,Loblaws,APPROVED,,,,
6,TX00005,2026-10-15T06:26:03,PURCHASE,ACC1011,,45.50,POS,IKEA,APPROVED,,,,
7,TX00006,2026-10-15T06:40:32,PURCHASE,ACC1037,,29.27,POS,Loblaws,APPROVED,,,,
8,TX00007,2026-10-15T06:42:52,PURCHASE,ACC1040,,120.76,POS,Indigo,APPROVED,,,,
9,TX00008,2026-10-15T06:42:55,PURCHASE,ACC1025,,13.54,ONLINE,IKEA,APPROVED,,,,
10,TX00008,2026-10-15T06:42:59,PURCHASE,ACC1025,,13.54,ONLINE,IKEA,REJECTED,DUPLICATE TRANSACTION ID,TX00008 already processed,,
11,TX00009,2026-10-15T06:54:26,DEPOSIT,,ACC1004,1112.13,PARTNER_FI,Payroll deposit,APPROVED,,,,
12,TX00010,2026-10-15T07:00:00,PURCHASE,ACC1019,,12.98,POS,Tim Hortons,APPROVED,,,,
13,TX00011,2026-10-15T07:00:21,DEPOSIT,,ACC1036,2450.50,ATM,Cash deposit,APPROVED,,,,
14,TX00012,2026-10-15T07:02:00,PURCHASE,ACC1019,,6.69,POS,Presto Reload,APPROVED,,,,
15,TX00013,2026-10-15T07:04:00,PURCHASE,ACC1019,,3.70,POS,Tim Hortons,APPROVED,,,,
16,TX00014,2026-10-15T07:06:00,PURCHASE,ACC1019,,13.54,POS,Presto Reload,APPROVED,,,,
17,TX00015,2026-10-15T07:06:38,PURCHASE,ACC1037,,142.41,POS,Bell Canada,APPROVED,,,,
18,TX00016,2026-10-15T07:08:00,PURCHASE,ACC1019,,14.36,POS,Tim Hortons,APPROVED,,,HIGH VELOCITY,5 transactions on ACC1019 within 10 min
19,TX00017,2026-10-15T07:09:09,DEPOSIT,,ACC1014,258.69,ATM,Cash deposit,APPROVED,,,,
20,TX00018,2026-10-15T07:10:50,PURCHASE,ACC1037,,149.07,POS,Presto Reload,APPROVED,,,,
21,TX00019,2026-10-15T07:16:55,PURCHASE,ACC1039,,15.50,POS,Shoppers Drug Mart,APPROVED,,,,
22,TX00020,2026-10-15T07:18:12,PURCHASE,ACC1009,,159.90,POS,Sobeys,APPROVED,,,,
23,TX00021,2026-10-15T07:22:34,PURCHASE,ACC1011,,16.14,ONLINE,Best Buy,APPROVED,,,,
24,TX00022,2026-10-15T07:30:54,PURCHASE,ACC1036,,23.00,ONLINE,Presto Reload,APPROVED,,,,
25,TX00023,2026-10-15T07:32:05,DEPOSIT,,ACC1003,1507.84,ONLINE,Mobile cheque deposit,APPROVED,,,,
26,TX00024,2026-10-15T07:39:47,PURCHASE,ACC1038,,40.57,POS,Indigo,APPROVED,,,,
27,TX00025,2026-10-15T07:40:24,TRANSFER,ACC1010,ACC1040,26.17,ONLINE,e-Transfer,APPROVED,,,,
28,TX00026,2026-10-15T07:43:41,TRANSFER,ACC1004,ACC1002,173.00,ONLINE,Rent share,APPROVED,,,,
29,TX00027,2026-10-15T07:46:50,TRANSFER,ACC1036,ACC1025,134.62,ONLINE,e-Transfer,APPROVED,,,,
30,TX00028,2026-10-15T07:50:00,DEPOSIT,,ACC1021,100.00,ATM,Cash deposit,APPROVED,,,,
31,TX00029,2026-10-15T07:53:23,PURCHASE,ACC1007,,79.64,POS,Sobeys,APPROVED,,,,
32,TX00030,2026-10-15T07:54:30,PURCHASE,ACC1039,,165.65,POS,Sobeys,APPROVED,,,,
33,TX00031,2026-10-15T08:00:29,WITHDRAWAL,ACC1030,,20.00,ATM,ATM withdrawal,APPROVED,,,,
34,TX00032,2026-10-15T08:10:15,PURCHASE,ACC1004,,31.55,POS,Presto Reload,APPROVED,,,,
35,TX00033,2026-10-15T08:15:46,PURCHASE,ACC1029,,137.44,ONLINE,Hydro One,APPROVED,,,,
36,TX00034,2026-10-15T08:17:49,DEPOSIT,,ACC1019,882.69,ONLINE,Mobile cheque deposit,APPROVED,,,,
37,TX00035,2026-10-15T08:17:56,PURCHASE,ACC1038,,85.79,ONLINE,Uber,APPROVED,,,,
38,TX00036,2026-10-15T08:18:32,WITHDRAWAL,ACC1030,,60.00,ATM,ATM withdrawal,APPROVED,,,,
39,TX00037,2026-10-15T08:19:35,PURCHASE,ACC1038,,61.81,POS,Bell Canada,APPROVED,,,,
40,TX00038,2026-10-15T08:26:42,PURCHASE,ACC1029,,59.68,POS,LCBO,APPROVED,,,,
41,TX00039,2026-10-15T08:30:00,PURCHASE,ACC1031,,18.75,POS,Tim Hortons,REJECTED,ACCOUNT NOT ACTIVE,source account ACC1031 is FROZEN,,
42,TX00040,2026-10-15T08:30:50,TRANSFER,ACC1011,ACC1036,283.23,ONLINE,e-Transfer,APPROVED,,,,
43,TX00041,2026-10-15T08:34:13,PURCHASE,ACC1007,,168.25,POS,Cineplex,APPROVED,,,,
44,TX00042,2026-10-15T08:41:42,PURCHASE,ACC1011,,7.21,POS,Metro,APPROVED,,,,
45,TX00043,2026-10-15T08:45:40,PURCHASE,ACC1004,,163.35,POS,Shoppers Drug Mart,APPROVED,,,,
46,TX00044,2026-10-15T08:46:31,DEPOSIT,,ACC1040,1355.13,ATM,Cash deposit,APPROVED,,,,
47,TX00045,2026-10-15T08:47:33,PURCHASE,ACC1025,,83.84,POS,IKEA,APPROVED,,,,
48,TX00046,2026-10-15T08:52:48,PURCHASE,ACC1010,,43.54,POS,Petro-Canada,APPROVED,,,,
49,TX00047,2026-10-15T08:57:05,PURCHASE,ACC1007,,15.56,POS,Rogers,APPROVED,,,,
50,TX00048,2026-10-15T08:59:48,DEPOSIT,,ACC1007,1045.71,PARTNER_FI,Payroll deposit,APPROVED,,,,
51,TX00049,2026-10-15T09:00:31,DEPOSIT,,ACC1007,366.50,ONLINE,Mobile cheque deposit,APPROVED,,,,
52,TX00050,2026-10-15T09:05:00,PURCHASE,ACC1008,,420.00,POS,Loblaws,APPROVED,,,,
53,TX00051,2026-10-15T09:14:05,PURCHASE,ACC9999,,42.10,POS,Metro,REJECTED,INVALID ACCOUNT,source account ACC9999 does not exist,,
54,TX00052,2026-10-15T09:15:12,PURCHASE,ACC1027,,28.67,POS,Indigo,APPROVED,,,,
55,TX00053,2026-10-15T09:18:05,DEPOSIT,,ACC1011,1150.83,ONLINE,Mobile cheque deposit,APPROVED,,,,
56,TX00054,2026-10-15T09:24:57,PURCHASE,ACC1010,,11.81,POS,Loblaws,APPROVED,,,,
57,TX00055,2026-10-15T09:29:07,WITHDRAWAL,ACC1007,,80.00,ATM,ATM withdrawal,APPROVED,,,,
58,TX00056,2026-10-15T09:29:08,DEPOSIT,,ACC1037,1351.27,ONLINE,Mobile cheque deposit,APPROVED,,,,
59,TX00057,2026-10-15T09:29:44,PURCHASE,ACC1025,,169.91,ONLINE,Rogers,APPROVED,,,,
60,TX00058,2026-10-15T09:45:00,WITHDRAWAL,ACC1021,,450.00,ATM,ATM withdrawal,REJECTED,INSUFFICIENT FUNDS,balance 400.00 < amount 450.00,,
61,TX00059,2026-10-15T09:54:41,WITHDRAWAL,ACC1038,,100.00,ATM,ATM withdrawal,APPROVED,,,,
62,TX00060,2026-10-15T09:55:00,PURCHASE,ACC1027,,88.25,POS,Metro,APPROVED,,,,
63,TX00061,2026-10-15T09:56:06,DEPOSIT,,ACC1006,717.25,ONLINE,Mobile cheque deposit,APPROVED,,,,
64,TX00062,2026-10-15T09:57:40,WITHDRAWAL,ACC1010,,200.00,ATM,ATM withdrawal,APPROVED,,,,
65,TX00063,2026-10-15T09:59:00,PURCHASE,ACC1016,,12.5O,POS,Metro,REJECTED,INVALID AMOUNT,amount '12.5O' is not a valid currency value,,
66,TX00064,2026-10-15T10:00:22,DEPOSIT,,ACC1010,1492.69,ATM,Cash deposit,APPROVED,,,,
67,TX00065,2026-10-15T10:01:01,PURCHASE,ACC1002,,0.00,POS,Indigo,REJECTED,INVALID AMOUNT,amount 0.00 must be > 0,,
68,TX00066,2026-10-15T10:02:02,PURCHASE,ACC1027,,24.44,POS,Rogers,APPROVED,,,,
69,TX00067,2026-10-15T10:02:18,TRANSFER,ACC1027,ACC1039,335.82,ONLINE,Bill split,APPROVED,,,,
70,TX00068,2026-10-15T10:10:48,WITHDRAWAL,ACC1036,,20.00,ATM,ATM withdrawal,APPROVED,,,,
71,TX00069,2026-10-15T10:12:00,WITHDRAWAL,ACC1020,,12000.00,ATM,Branch withdrawal,APPROVED,,,LARGE AMOUNT,12000.00 >= 10000.00 threshold
72,TX00070,2026-10-15T10:28:34,PURCHASE,ACC1011,,101.14,ONLINE,Uber,APPROVED,,,,
73,TX00071,2026-10-15T10:30:00,PURCHASE,ACC1005,,145.00,POS,Canadian Tire,REJECTED,INSUFFICIENT FUNDS,balance 120.50 < amount 145.00,,
74,TX00072,2026-10-15T10:34:16,DEPOSIT,,ACC1004,1669.59,ATM,Cash deposit,APPROVED,,,,
75,TX00073,2026-10-15T10:42:30,TRANSFER,ACC1007,ACC1014,220.52,ONLINE,Bill split,APPROVED,,,,
76,TX00074,2026-10-15T10:46:59,TRANSFER,ACC1030,ACC1023,112.34,ONLINE,Bill split,APPROVED,,,,
77,TX00071,2026-10-15T10:50:00,PURCHASE,ACC1005,,100.00,POS,Canadian Tire,REJECTED,DUPLICATE TRANSACTION ID,TX00071 already processed,,
78,TX00075,2026-10-15T10:50:36,PURCHASE,ACC1039,,138.67,POS,LCBO,APPROVED,,,,
79,TX00076,2026-10-15T10:53:27,PURCHASE,ACC1040,,43.08,POS,IKEA,APPROVED,,,,
80,TX00077,2026-10-15T10:56:26,WITHDRAWAL,ACC1039,,80.00,ATM,ATM withdrawal,APPROVED,,,,
81,TX00078,2026-10-15T11:05:30,WITHDRAWAL,ACC1032,,200.00,ATM,ATM withdrawal,REJECTED,ACCOUNT NOT ACTIVE,source account ACC1032 is FROZEN,,
82,TX00079,2026-10-15T11:11:05,WITHDRAWAL,ACC1025,,100.00,ATM,ATM withdrawal,APPROVED,,,,
83,TX00080,2026-10-15T11:11:11,TRANSFER,ACC1015,ACC1015,100.00,ONLINE,Transfer,REJECTED,INVALID ACCOUNT,source and destination are the same account,,
84,TX00081,2026-10-15T11:16:03,PURCHASE,ACC1025,,96.59,ONLINE,Shoppers Drug Mart,APPROVED,,,,
85,TX00082,2026-10-15T11:19:06,PURCHASE,ACC1040,,58.90,ONLINE,Uber,APPROVED,,,,
86,TX00083,2026-10-15T11:20:00,PURCHASE,ACC1013,,11450.00,ONLINE,Auto dealer - deposit on vehicle,APPROVED,,,LARGE AMOUNT,11450.00 >= 10000.00 threshold
87,TX00084,2026-10-15T11:40:00,PURCHASE,ACC1008,,380.00,POS,Costco,APPROVED,,,,
88,TX00085,2026-10-15T11:46:28,PURCHASE,ACC1011,,123.04,POS,Presto Reload,APPROVED,,,,
89,TX00086,2026-10-15T11:47:59,PURCHASE,ACC1040,,76.46,ONLINE,Cineplex,APPROVED,,,,
90,TX00087,2026-10-15T11:53:29,TRANSFER,ACC1030,ACC1027,30.25,ONLINE,Bill split,APPROVED,,,,
91,TX00088,2026-10-15T12:10:00,PURCHASE,ACC1012,,310.00,POS,Best Buy,APPROVED,,,,
92,TX00089,2026-10-15T12:18:14,PURCHASE,ACC1010,,6.49,ONLINE,Petro-Canada,APPROVED,,,,
93,TX00090,2026-10-15T12:19:13,DEPOSIT,,ACC1040,676.02,PARTNER_FI,Payroll deposit,APPROVED,,,,
94,TX00091,2026-10-15T12:20:38,PURCHASE,ACC1007,,172.56,POS,Canadian Tire,APPROVED,,,,
95,TX00092,2026-10-15T12:21:49,PURCHASE,ACC1009,,180.00,POS,Shoppers Drug Mart,APPROVED,,,,
96,TX00093,2026-10-15T12:29:44,PURCHASE,ACC1011,,33.53,ONLINE,Canadian Tire,APPROVED,,,,
97,TX00094,2026-10-15T12:30:00,PURCHASE,ACC1023,,22.40,POS,Tim Hortons,APPROVED,,,,
98,TX00095,2026-10-15T12:41:40,PURCHASE,ACC1001,,12.90,POS,Cineplex,APPROVED,,,,
99,TX00096,2026-10-15T12:45:09,DEPOSIT,,ACC1033,1000.00,PARTNER_FI,Incoming wire,REJECTED,ACCOUNT NOT ACTIVE,destination account ACC1033 is CLOSED,,
100,TX00097,2026-10-15T12:45:21,PURCHASE,ACC1036,,154.11,ONLINE,Hydro One,APPROVED,,,,
101,TX00098,2026-10-15T12:55:00,PURCHASE,ACC1012,,289.99,ONLINE,IKEA,APPROVED,,,,
102,TX00099,2026-10-15T12:55:25,TRANSFER,ACC1007,ACC1019,20.82,ONLINE,Bill split,APPROVED,,,,
103,TX00100,2026-10-15T12:59:34,DEPOSIT,,ACC1038,542.82,PARTNER_FI,Payroll deposit,APPROVED,,,,
104,TX00101,2026-10-15T13:02:44,TRANSFER,ACC1003,ACC1099,250.00,ONLINE,e-Transfer,REJECTED,INVALID ACCOUNT,destination account ACC1099 does not exist,,
105,TX00102,2026-10-15T13:04:21,PURCHASE,ACC1029,,44.50,POS,Loblaws,APPROVED,,,,
106,TX00103,2026-10-15T13:06:09,PURCHASE,ACC1007,,110.02,ONLINE,Shoppers Drug Mart,APPROVED,,,,
107,TX00104,2026-10-15T13:11:51,TRANSFER,ACC1029,ACC1022,39.08,ONLINE,Transfer,APPROVED,,,,
108,TX00105,2026-10-15T13:12:53,PURCHASE,ACC1007,,45.98,POS,Canadian Tire,APPROVED,,,,
109,TX00106,2026-10-15T13:14:01,WITHDRAWAL,ACC1025,,60.00,ATM,ATM withdrawal,APPROVED,,,,
110,TX00107,2026-10-15T13:15:00,PURCHASE,ACC1008,,510.00,POS,Best Buy,APPROVED,,,,
111,TX00108,2026-10-15T13:24:44,PURCHASE,ACC1009,,15.30,POS,Best Buy,APPROVED,,,,
112,TX00109,2026-10-15T13:25:07,TRANSFER,ACC1030,ACC1010,239.99,ONLINE,e-Transfer,APPROVED,,,,
113,TX00110,2026-10-15T13:26:40,DEPOSIT,,ACC1022,203.88,PARTNER_FI,Payroll deposit,APPROVED,,,,
114,TX00111,2026-10-15T13:31:14,PURCHASE,ACC1027,,9.11,POS,Uber,APPROVED,,,,
115,TX00112,2026-10-15T13:31:58,PURCHASE,ACC1009,,85.16,POS,Presto Reload,APPROVED,,,,
116,TX00113,2026-10-15T13:32:35,DEPOSIT,,ACC1016,226.58,ONLINE,Mobile cheque deposit,APPROVED,,,,
117,TX00114,2026-10-15T13:40:00,PURCHASE,ACC1012,,45.00,POS,Loblaws,REJECTED,INSUFFICIENT FUNDS,balance 40.01 < amount 45.00,,
118,TX00115,2026-10-15T13:41:04,DEPOSIT,,ACC1036,148.63,ATM,Cash deposit,APPROVED,,,,
119,TX00116,2026-10-15T13:42:06,PURCHASE,ACC1029,,159.61,POS,Petro-Canada,APPROVED,,,,
120,TX00117,2026-10-15T13:45:10,PURCHASE,ACC1001,,101.20,POS,Cineplex,APPROVED,,,,
121,TX00118,2026-10-15T13:54:06,PURCHASE,ACC1029,,68.69,POS,Cineplex,APPROVED,,,,
122,TX00119,2026-10-15T13:55:10,TRANSFER,ACC1038,ACC1007,354.94,ONLINE,e-Transfer,APPROVED,,,,
123,TX00120,2026-10-15T13:55:43,DEPOSIT,,ACC1018,2419.81,ONLINE,Mobile cheque deposit,APPROVED,,,,
124,TX00121,2026-10-15T13:59:16,DEPOSIT,,ACC1036,1494.98,ATM,Cash deposit,APPROVED,,,,
125,TX00122,2026-10-15T14:00:00,DEPOSIT,,ACC1020,25000.00,PARTNER_FI,Incoming wire,APPROVED,,,LARGE AMOUNT,25000.00 >= 10000.00 threshold
126,TX00123,2026-10-15T14:01:11,PURCHASE,ACC1038,,58.38,POS,IKEA,APPROVED,,,,
127,TX00124,2026-10-15T14:02:03,PURCHASE,ACC1037,,170.16,ONLINE,Hydro One,APPROVED,,,,
128,TX00125,2026-10-15T14:03:41,PURCHASE,ACC1011,,101.60,POS,Bell Canada,APPROVED,,,,
129,TX00126,2026-10-15T14:10:50,WITHDRAWAL,ACC1025,,200.00,ATM,ATM withdrawal,APPROVED,,,,
130,TX00127,2026-10-15T14:21:17,TRANSFER,ACC1037,ACC1011,231.20,ONLINE,Transfer,APPROVED,,,,
131,TX00128,2026-10-15T14:22:07,WITHDRAWAL,ACC1006,,-60.00,ATM,ATM withdrawal,REJECTED,INVALID AMOUNT,amount -60.00 must be > 0,,
132,TX00129,2026-10-15T14:36:02,DEPOSIT,,ACC1007,1202.73,ONLINE,Mobile cheque deposit,APPROVED,,,,
133,TX00130,2026-10-15T14:37:03,PURCHASE,ACC1004,,58.63,POS,Tim Hortons,APPROVED,,,,
134,TX00131,2026-10-15T14:37:24,DEPOSIT,,ACC1016,315.45,ATM,Cash deposit,APPROVED,,,,
135,TX00132,2026-10-15T14:42:00,TRANSFER,ACC1027,ACC1014,277.49,ONLINE,Transfer,APPROVED,,,,
136,TX00133,2026-10-15T14:43:48,DEPOSIT,,ACC1037,1718.09,ATM,Cash deposit,APPROVED,,,,
137,TX00134,2026-10-15T14:44:00,REVERSAL,ACC1018,,30.00,POS,Cineplex,REJECTED,UNSUPPORTED TRANSACTION TYPE,type 'REVERSAL' is not one of PURCHASE/WITHDRAWAL/DEPOSIT/TRANSFER,,
138,TX00135,2026-10-15T14:49:49,PURCHASE,ACC1036,,46.11,POS,Shoppers Drug Mart,APPROVED,,,,
139,TX00136,2026-10-15T14:52:00,PURCHASE,ACC1010,,151.40,ONLINE,Hydro One,APPROVED,,,,
140,TX00137,2026-10-15T14:55:04,TRANSFER,ACC1010,ACC1018,263.76,ONLINE,Bill split,APPROVED,,,,
141,TX00138,2026-10-15T14:57:58,DEPOSIT,,ACC1003,1604.00,PARTNER_FI,Payroll deposit,APPROVED,,,,
142,TX00139,2026-10-15T14:59:50,DEPOSIT,,ACC1014,1086.37,ONLINE,Mobile cheque deposit,APPROVED,,,,
143,TX00140,2026-10-15T15:15:17,PURCHASE,ACC1040,,99.07,POS,Petro-Canada,APPROVED,,,,
144,TX00141,2026-10-15T15:20:00,TRANSFER,ACC1002,ACC1034,75.00,ONLINE,e-Transfer,REJECTED,ACCOUNT NOT ACTIVE,destination account ACC1034 is CLOSED,,
145,TX00142,2026-10-15T15:22:55,DEPOSIT,,ACC1036,863.22,ATM,Cash deposit,APPROVED,,,,
146,TX00143,2026-10-15T15:24:26,DEPOSIT,,ACC1037,1514.82,ONLINE,Mobile cheque deposit,APPROVED,,,,
147,TX00144,2026-10-15T15:25:35,DEPOSIT,,ACC1014,752.94,PARTNER_FI,Payroll deposit,APPROVED,,,,
148,TX00145,2026-10-15T15:28:56,WITHDRAWAL,ACC1004,,20.00,ATM,ATM withdrawal,APPROVED,,,,
149,TX00146,2026-10-15T15:30:00,TRANSFER,ACC1024,ACC1007,9999.99,ONLINE,Transfer,APPROVED,,,NEAR REPORTING THRESHOLD,9999.99 is just under the 10000.00 reporting threshold (possible structuring)
150,TX00147,2026-10-15T15:32:19,WITHDRAWAL,ACC1011,,80.00,ATM,ATM withdrawal,APPROVED,,,,
151,TX00148,2026-10-15T15:32:45,PURCHASE,ACC1039,,88.92,POS,Cineplex,APPROVED,,,,
152,TX00149,2026-10-15T15:35:08,PURCHASE,ACC1036,,169.50,ONLINE,Metro,APPROVED,,,,
153,TX00150,2026-10-15T15:42:37,PURCHASE,ACC1029,,97.44,POS,Rogers,APPROVED,,,,
154,TX00151,2026-10-15T15:46:20,DEPOSIT,,ACC1029,1510.75,ATM,Cash deposit,APPROVED,,,,
155,TX00152,2026-10-15T15:48:47,DEPOSIT,,ACC1010,1358.33,PARTNER_FI,Payroll deposit,APPROVED,,,,
156,TX00153,2026-10-15T15:49:51,PURCHASE,ACC1038,,66.01,ONLINE,LCBO,APPROVED,,,,
157,TX00154,2026-10-15T15:50:00,PURCHASE,ACC1008,,260.00,POS,Petro-Canada,APPROVED,,,DAILY LIMIT EXCEEDED,ACC1008 outgoing today 1570.00 > daily limit 1500
158,TX00155,2026-10-15T16:01:07,TRANSFER,ACC1010,ACC1007,240.62,ONLINE,Rent share,APPROVED,,,,
159,TX00156,2026-10-15T16:01:31,DEPOSIT,,ACC1007,1244.50,PARTNER_FI,Payroll deposit,APPROVED,,,,
160,TX00157,2026-10-15T16:03:03,PURCHASE,ACC1029,,165.81,ONLINE,Metro,APPROVED,,,,
161,TX00158,2026-10-15T16:05:00,TRANSFER,ACC1026,ACC1004,750.00,ONLINE,e-Transfer,REJECTED,INSUFFICIENT FUNDS,balance 500.00 < amount 750.00,,
162,TX00159,2026-10-15T16:07:47,PURCHASE,ACC1038,,125.47,POS,LCBO,APPROVED,,,,
163,TX00160,2026-10-15T16:08:02,PURCHASE,ACC1011,,147.18,POS,Presto Reload,APPROVED,,,,
164,TX00161,2026-10-15T16:15:16,PURCHASE,ACC1036,,117.61,POS,Best Buy,APPROVED,,,,
165,TX00162,2026-10-15T16:22:44,PURCHASE,ACC1010,,48.25,POS,LCBO,APPROVED,,,,
166,TX00163,2026-10-15T16:24:38,PURCHASE,ACC1027,,92.98,POS,Canadian Tire,APPROVED,,,,
167,TX00164,2026-10-15T16:29:28,PURCHASE,ACC1009,,93.97,ONLINE,Metro,APPROVED,,,,
168,TX00165,2026-10-15T16:30:00,TRANSFER,ACC1028,ACC1009,10000.00,ONLINE,Transfer,APPROVED,,,LARGE AMOUNT,10000.00 >= 10000.00 threshold
169,TX00166,2026-10-15T16:40:12,DEPOSIT,,ACC2001,500.00,ATM,Cash deposit,REJECTED,INVALID ACCOUNT,destination account ACC2001 does not exist,,
170,TX00167,2026-10-15T16:45:05,PURCHASE,ACC1007,,10.89,ONLINE,Presto Reload,APPROVED,,,,
171,TX00168,2026-10-15T16:48:57,PURCHASE,ACC1039,,130.59,ONLINE,Amazon.ca,APPROVED,,,,
172,TX00169,2026-10-15T16:54:43,DEPOSIT,,ACC1018,2387.64,ONLINE,Mobile cheque deposit,APPROVED,,,,
173,TX00170,2026-10-15T16:55:40,PURCHASE,ACC1027,,16.02,POS,Sobeys,APPROVED,,,,
174,TX00171,2026-10-15T17:05:50,PURCHASE,ACC1010,,98.44,POS,IKEA,APPROVED,,,,
175,TX00172,2026-10-15T17:10:41,PURCHASE,ACC1035,,64.99,ONLINE,Amazon.ca,REJECTED,ACCOUNT NOT ACTIVE,source account ACC1035 is DORMANT,,
176,TX00173,2026-10-15T17:18:10,PURCHASE,ACC1029,,127.82,ONLINE,Bell Canada,APPROVED,,,,
177,TX00174,2026-10-15T17:23:27,PURCHASE,ACC1029,,76.52,ONLINE,Metro,APPROVED,,,,
178,TX00175,2026-10-15T17:27:56,PURCHASE,ACC1027,,161.46,POS,Best Buy,APPROVED,,,,
179,TX00176,2026-10-15T17:45:00,WITHDRAWAL,,,80.00,ATM,ATM withdrawal,REJECTED,MISSING ACCOUNT,source account is required,,
180,TX00177,2026-10-15T17:57:59,DEPOSIT,,ACC1002,2252.37,ATM,Cash deposit,APPROVED,,,,
181,TX00178,2026-10-15T18:00:00,PURCHASE,ACC1005,,120.50,POS,Sobeys,APPROVED,,,,
182,TX00179,2026-10-15T18:20:13,PURCHASE,ACC1011,,137.98,POS,Indigo,APPROVED,,,,
183,TX00180,2026-10-15T18:25:00,PURCHASE,ACC1008,,95.00,POS,LCBO,APPROVED,,,DAILY LIMIT EXCEEDED,ACC1008 outgoing today 1665.00 > daily limit 1500
184,TX00181,2026-10-15T18:28:58,PURCHASE,ACC1039,,107.58,POS,Sobeys,APPROVED,,,,
185,TX00182,2026-10-15T18:30:00,TRANSFER,ACC1010,ACC1019,344.31,ONLINE,Bill split,APPROVED,,,,
186,TX00183,2026-10-15T18:31:25,PURCHASE,ACC1036,,125.02,POS,Amazon.ca,APPROVED,,,,
187,TX00184,2026-10-15T18:36:22,PURCHASE,ACC1037,,55.96,ONLINE,Uber,APPROVED,,,,
188,TX00185,2026-10-15T18:42:41,PURCHASE,ACC1040,,95.09,POS,Cineplex,APPROVED,,,,
189,TX00186,2026-10-15T18:42:50,DEPOSIT,,ACC1006,1263.56,ATM,Cash deposit,APPROVED,,,,
190,TX00187,2026-10-15T18:45:12,PURCHASE,ACC1037,,150.18,POS,Canadian Tire,APPROVED,,,,
191,TX00188,2026-10-15T19:02:20,DEPOSIT,,ACC1038,2287.90,PARTNER_FI,Payroll deposit,APPROVED,,,,
192,TX00189,2026-10-15T19:03:33,DEPOSIT,,ACC1010,-1500.00,PARTNER_FI,Incoming wire,REJECTED,INVALID AMOUNT,amount -1500.00 must be > 0,,
193,TX00190,2026-10-15T19:05:27,WITHDRAWAL,ACC1039,,40.00,ATM,ATM withdrawal,APPROVED,,,,
194,TX00191,2026-10-15T19:07:34,PURCHASE,ACC1007,,163.88,POS,Shoppers Drug Mart,APPROVED,,,,
195,TX00192,2026-10-15T19:12:06,PURCHASE,ACC1025,,66.36,POS,Presto Reload,APPROVED,,,,
196,TX00193,2026-10-15T19:16:53,PURCHASE,ACC1001,,135.83,POS,IKEA,APPROVED,,,,
197,TX00194,2026-10-15T19:17:02,WITHDRAWAL,ACC1009,,80.00,ATM,ATM withdrawal,APPROVED,,,,
198,TX00195,2026-10-15T19:30:00,PURCHASE,ACC1022,,15.005,POS,Shoppers Drug Mart,REJECTED,INVALID AMOUNT,amount '15.005' is not a valid currency value,,
199,TX00196,2026-10-15T19:44:31,PURCHASE,ACC1025,,147.19,ONLINE,Tim Hortons,APPROVED,,,,
200,TX00197,2026-10-15T19:46:06,PURCHASE,ACC1011,,121.06,POS,Petro-Canada,APPROVED,,,,
201,TX00198,2026-10-15T20:00:00,WITHDRAWAL,ACC1008,,200.00,ATM,ATM withdrawal,APPROVED,,,DAILY LIMIT EXCEEDED,ACC1008 outgoing today 1865.00 > daily limit 1500
202,TX00199,2026-10-15T20:02:37,PURCHASE,ACC1007,,19.86,POS,Best Buy,APPROVED,,,,
203,TX00200,2026-10-15T20:10:44,PURCHASE,ACC1001,,12.09,POS,Sobeys,APPROVED,,,,
204,TX00201,2026-10-15T20:15:00,TRANSFER,ACC1014,ACC1015,0.00,ONLINE,Transfer,REJECTED,INVALID AMOUNT,amount 0.00 must be > 0,,
205,TX00202,2026-10-15T20:15:54,PURCHASE,ACC1036,,68.65,ONLINE,IKEA,APPROVED,,,,
206,TX00203,2026-10-15T20:15:55,TRANSFER,ACC1027,ACC1029,57.21,ONLINE,e-Transfer,APPROVED,,,,
207,TX00204,2026-10-15T20:26:03,PURCHASE,ACC1025,,72.55,ONLINE,Loblaws,APPROVED,,,,
208,TX00205,2026-10-15T20:33:33,WITHDRAWAL,ACC1011,,60.00,ATM,ATM withdrawal,APPROVED,,,,
209,TX00206,2026-10-15T20:35:45,PURCHASE,ACC1001,,23.69,ONLINE,Petro-Canada,APPROVED,,,,
210,TX00207,2026-10-15T20:39:00,TRANSFER,ACC1001,ACC1014,101.95,ONLINE,Transfer,APPROVED,,,,
211,TX00208,2026-10-15T20:45:09,PURCHASE,ACC1037,,95.83,ONLINE,Indigo,APPROVED,,,,
212,TX00209,2026-10-15T20:54:19,PURCHASE,ACC1025,,154.19,POS,Cineplex,APPROVED,,,,
213,TX00210,2026-10-15T20:57:10,DEPOSIT,,ACC1023,1152.67,ATM,Cash deposit,APPROVED,,,,
214,TX00211,2026-10-15T20:58:17,PURCHASE,ACC1030,,80.72,POS,Shoppers Drug Mart,APPROVED,,,,
215,TX00212,2026-10-15T20:59:20,TRANSFER,ACC1037,ACC1010,237.28,ONLINE,Transfer,APPROVED,,,,
216,TX00213,2026-10-15T21:04:05,DEPOSIT,,ACC1003,1108.10,ONLINE,Mobile cheque deposit,APPROVED,,,,
217,TX00214,2026-10-15T21:09:12,PURCHASE,ACC1001,,105.94,ONLINE,Tim Hortons,APPROVED,,,,
218,TX00215,2026-10-15T21:10:00,PURCHASE,ACC1017,,25.72,ONLINE,Online gift card store,APPROVED,,,,
219,TX00216,2026-10-15T21:10:22,PURCHASE,ACC1017,,33.14,ONLINE,Online gift card store,APPROVED,,,,
220,TX00217,2026-10-15T21:10:44,PURCHASE,ACC1017,,25.44,ONLINE,Online gift card store,APPROVED,,,,
221,TX00218,2026-10-15T21:11:06,PURCHASE,ACC1017,,9.02,ONLINE,Online gift card store,APPROVED,,,,
222,TX00219,2026-10-15T21:11:28,PURCHASE,ACC1017,,19.05,ONLINE,Online gift card store,APPROVED,,,HIGH VELOCITY,5 transactions on ACC1017 within 10 min
223,TX00220,2026-10-15T21:11:50,PURCHASE,ACC1017,,9.60,ONLINE,Online gift card store,APPROVED,,,HIGH VELOCITY,6 transactions on ACC1017 within 10 min
224,TX00221,2026-10-15T21:12:12,PURCHASE,ACC1017,,37.80,ONLINE,Online gift card store,APPROVED,,,HIGH VELOCITY,7 transactions on ACC1017 within 10 min
225,TX00222,2026-10-15T21:12:34,PURCHASE,ACC1017,,36.24,ONLINE,Online gift card store,APPROVED,,,HIGH VELOCITY,8 transactions on ACC1017 within 10 min
226,TX00223,2026-10-15T21:17:46,PURCHASE,ACC1038,,96.34,POS,Canadian Tire,APPROVED,,,,
227,TX00224,2026-10-15T21:18:02,PURCHASE,ACC1037,,53.76,POS,Shoppers Drug Mart,APPROVED,,,,
228,TX00225,2026-10-15T21:22:26,PURCHASE,ACC1036,,22.41,POS,Best Buy,APPROVED,,,,
229,TX00204,2026-10-15T21:26:03,DEPOSIT,,ACC1015,300.00,ATM,Cash deposit,REJECTED,DUPLICATE TRANSACTION ID,TX00204 already processed,,
230,TX00226,2026-10-15T21:28:50,PURCHASE,ACC1010,,43.00,ONLINE,Cineplex,APPROVED,,,,
231,TX00227,2026-10-15T21:29:27,DEPOSIT,,ACC1029,707.57,ATM,Cash deposit,APPROVED,,,,
232,TX00228,2026-10-15T21:40:11,DEPOSIT,,ACC1003,1804.31,PARTNER_FI,Payroll deposit,APPROVED,,,,
233,TX00229,2026-10-15T21:40:28,DEPOSIT,,ACC1009,704.29,ATM,Cash deposit,APPROVED,,,,
234,TX00230,2026-10-15T21:55:34,PURCHASE,ACC1004,,45.32,ONLINE,Sobeys,APPROVED,,,,
235,TX00231,2026-10-15T22:15:17,WITHDRAWAL,ACC1009,,100.00,ATM,ATM withdrawal,APPROVED,,,,
236,TX00232,2026-10-15T22:25:52,PURCHASE,ACC1010,,10.45,ONLINE,LCBO,APPROVED,,,,
237,TX00233,2026-10-15T22:27:07,DEPOSIT,,ACC1010,787.82,ATM,Cash deposit,APPROVED,,,,
238,TX00214,2026-10-15T22:39:12,PURCHASE,ACC1001,,105.94,ONLINE,Tim Hortons,REJECTED,DUPLICATE TRANSACTION ID,TX00214 already processed,,
239,TX00234,2026-10-15T22:58:17,DEPOSIT,,ACC1011,2289.42,PARTNER_FI,Payroll deposit,APPROVED,,,,
240,TX00235,2026-10-15T22:58:29,PURCHASE,ACC1007,,76.16,ONLINE,Petro-Canada,APPROVED,,,,
241,TX00236,2026-10-15T22:59:51,PURCHASE,ACC1037,,169.49,ONLINE,LCBO,APPROVED,,,,
